player_id,player_name,team
671096,Andrew Abbott,Cincinnati Reds
690953,Mick Abel,Minnesota Twins
691769,Philip Abner,Arizona Diamondbacks
682928,CJ Abrams,Washington Nationals
650556,Bryan Abreu,Houston Astros
677800,Wilyer Abreu,Boston Red Sox
691185,Maximo Acosta,Miami Marlins
670183,Garrett Acton,Tampa Bay Rays
682668,Luisangel Acuña,New York Mets
660670,Ronald Acuña Jr.,Atlanta Braves
592094,Jason Adam,San Diego Padres
642715,Willy Adames,San Francisco Giants
677941,Jordyn Adams,Baltimore Orioles
656180,Riley Adams,Washington Nationals
701519,Travis Adams,Minnesota Twins
686654,Ty Adcock,New York Mets
666176,Jo Adell,Los Angeles Angels
688642,Zach Agnos,Colorado Rockies
605113,Nick Ahmed,Texas Rangers
669211,Keegan Akin,Baltimore Orioles
645277,Ozzie Albies,Atlanta Braves
660896,Jorge Alcala,St. Louis Cardinals
682634,Kevin Alcántara,Chicago Cubs
645261,Sandy Alcantara,Miami Marlins
642727,Sergio Alcántara,San Francisco Giants
691951,Sam Aldegheri,Los Angeles Angels
677942,Blaze Alexander,Arizona Diamondbacks
680769,CJ Alexander,Athletics
669920,Jason Alexander,Houston Astros
518397,Scott Alexander,San Francisco Giants
641302,Tyler Alexander,Chicago White Sox
595751,Jorge Alfaro,Washington Nationals
663465,Kolby Allard,Cleveland Guardians
656185,Greg Allen,Baltimore Orioles
671106,Logan Allen,Cleveland Guardians
669397,Nick Allen,Atlanta Braves
624413,Pete Alonso,New York Mets
656186,Dan Altavilla,Chicago White Sox
514888,Jose Altuve,Houston Astros
665660,Elvis Alvarado,Athletics
621237,José Alvarado,Philadelphia Phillies
682626,Francisco Alvarez,New York Mets
805373,Nacho Alvarez Jr.,Atlanta Braves
674841,Andrew Alvarez,Washington Nationals
670541,Yordan Alvarez,Houston Astros
691182,Adael Amador,Colorado Rockies
676070,Jacob Amaya,Chicago White Sox
665804,Miguel Amaya,Chicago Cubs
681982,Grant Anderson,Milwaukee Brewers
666120,Ian Anderson,Los Angeles Angels
623433,Nick Anderson,Colorado Rockies
641312,Shaun Anderson,Los Angeles Angels
641313,Tim Anderson,Los Angeles Angels
542881,Tyler Anderson,Los Angeles Angels
609280,Miguel Andujar,Cincinnati Reds
701350,Roman Anthony,Boston Red Sox
666018,Jonathan Aranda,Tampa Bay Rays
606115,Orlando Arcia,Colorado Rockies
571448,Nolan Arenado,St. Louis Cardinals
672356,Gabriel Arias,Cleveland Guardians
678215,Luarbert Arias,Miami Marlins
542888,Shawn Armstrong,Texas Rangers
668227,Randy Arozarena,Seattle Mariners
650333,Luis Arraez,San Diego Padres
681293,Spencer Arrighetti,Houston Astros
676879,Aaron Ashby,Milwaukee Brewers
677952,Braxton Ashcraft,Pittsburgh Pirates
668933,Graham Ashcraft,Cincinnati Reds
665871,Javier Assad,Chicago Cubs
682183,Drew Avans,Milwaukee Brewers
679883,Luinder Avila,Kansas City Royals
640492,José Azócar,Atlanta Braves
669199,Lake Bachar,Miami Marlins
696147,Sam Bachman,Los Angeles Angels
679775,Kyle Backhus,Arizona Diamondbacks
668731,Akil Baddoo,Detroit Tigers
664056,Harrison Bader,Philadelphia Phillies
678225,Ji Hwan Bae,Pittsburgh Pirates
595879,Javier Báez,Detroit Tigers
672275,Patrick Bailey,San Francisco Giants
641329,Bryan Baker,Tampa Bay Rays
663609,Luken Baker,St. Louis Cardinals
686948,Drake Baldwin,Atlanta Braves
681460,Brooks Baldwin,Chicago White Sox
694208,Moisés Ballesteros,Chicago Cubs
607455,Anthony Banda,Los Angeles Dodgers
677943,Will Banfield,Cincinnati Reds
621383,Tanner Banks,Philadelphia Phillies
675915,David Bañuelos,Baltimore Orioles
682995,Hunter Barco,Pittsburgh Pirates
680718,Addison Barger,Toronto Blue Jays
605130,Scott Barlow,Cincinnati Reds
605131,Austin Barnes,Los Angeles Dodgers
606930,Jacob Barnes,Toronto Blue Jays
686930,Mason Barnett,Athletics
571466,Tucker Barnhart,Texas Rangers
676480,José Barrero,St. Louis Cardinals
678489,Jorge Barrosa,Arizona Diamondbacks
663698,Joey Bart,Pittsburgh Pirates
694212,Samuel Basallo,Baltimore Orioles
605135,Chris Bassitt,Toronto Blue Jays
669620,Brady Basso,Athletics
683146,Brett Baty,New York Mets
641343,Jake Bauers,Milwaukee Brewers
642585,Félix Bautista,Baltimore Orioles
669358,Shane Baz,Tampa Bay Rays
660825,Eduard Bazardo,Seattle Mariners
687637,Dylan Beavers,Baltimore Orioles
687597,Jordan Beck,Colorado Rockies
663941,Tristan Beck,San Francisco Giants
670280,David Bednar,New York Yankees
656222,Jalen Beeks,Arizona Diamondbacks
690925,Clayton Beeter,Washington Nationals
605137,Josh Bell,Washington Nationals
641355,Cody Bellinger,New York Yankees
678394,Brayan Bello,Boston Red Sox
678368,Valente Bellozo,Miami Marlins
669622,Anthony Bender,Miami Marlins
643217,Andrew Benintendi,Chicago White Sox
666181,Will Benson,Cincinnati Reds
686701,Ryan Bergert,Kansas City Royals
682653,Warming Bernabel,Colorado Rockies
657514,Brennan Bernardino,Boston Red Sox
621244,José Berríos,Toronto Blue Jays
672642,Steward Berroa,Milwaukee Brewers
542932,Jon Berti,Chicago Cubs
605141,Mookie Betts,Los Angeles Dodgers
676440,Tanner Bibee,Cleveland Guardians
666182,Bo Bichette,Toronto Blue Jays
674370,Osvaldo Bido,Athletics
669456,Shane Bieber,Toronto Blue Jays
685801,Hunter Bigge,Tampa Bay Rays
624415,Cavan Biggio,Kansas City Royals
656234,Jake Bird,New York Yankees
806185,Hayden Birdsong,San Francisco Giants
702352,Spencer Bivens,San Francisco Giants
696131,Mason Black,San Francisco Giants
672012,Tyler Black,Milwaukee Brewers
621112,Paul Blackburn,New York Yankees
687134,Bradley Blalock,Colorado Rockies
680118,Dairon Blanco,Kansas City Royals
669854,Ronel Blanco,Houston Astros
668709,JJ Bleday,Athletics
656240,Scott Blewett,Baltimore Orioles
669208,Ryan Bliss,Seattle Mariners
805123,AJ Blubaugh,Houston Astros
593428,Xander Bogaerts,San Diego Padres
664761,Alec Bohm,Philadelphia Phillies
675989,Cody Bolton,Cleveland Guardians
592155,Cam Booser,Chicago White Sox
621366,Ryan Borucki,Toronto Blue Jays
656248,Sean Bouchard,Colorado Rockies
676961,Caleb Boushley,Texas Rangers
641386,Ben Bowden,Athletics
680742,Jonathan Bowlan,Kansas City Royals
621199,Matt Bowman,Baltimore Orioles
571510,Matthew Boyd,Chicago Cubs
671212,Joe Boyle,Tampa Bay Rays
680694,Kyle Bradish,Baltimore Orioles
671737,Taj Bradley,Minnesota Twins
542963,Rob Brantly,Miami Marlins
666374,Matt Brash,Seattle Mariners
518489,Ryan Brasier,Chicago Cubs
623211,Huascar Brazobán,New York Mets
605154,John Brebbia,Atlanta Braves
608324,Alex Bregman,Boston Red Sox
686823,Will Brennan,Cleveland Guardians
681146,Jonah Bride,Minnesota Twins
689225,Beau Brieske,Detroit Tigers
656257,Jeff Brigham,Arizona Diamondbacks
641401,Connor Brogdon,Los Angeles Angels
670092,Trenton Brooks,San Diego Padres
676962,Ben Brown,Chicago Cubs
686613,Hunter Brown,Houston Astros
685326,McCade Brown,Colorado Rockies
664913,Seth Brown,Athletics
664141,JT Brubaker,San Francisco Giants
677865,Justin Bruihl,Toronto Blue Jays
660644,Vidal Bruján,Atlanta Braves
592178,Kris Bryant,Colorado Rockies
694350,Zach Brzykcy,Washington Nationals
663460,Kris Bubic,Kansas City Royals
621111,Walker Buehler,Philadelphia Phillies
607481,Aaron Bummer,Atlanta Braves
595897,Nick Burdi,Boston Red Sox
669394,Jake Burger,Texas Rangers
686228,Juan Burgos,Arizona Diamondbacks
656271,Brock Burke,Los Angeles Angels
680732,Sean Burke,Chicago White Sox
676475,Alec Burleson,St. Louis Cardinals
669203,Corbin Burnes,Arizona Diamondbacks
695505,Chase Burns,Cincinnati Reds
621114,Ryan Burr,Toronto Blue Jays
681347,Mike Burrows,Pittsburgh Pirates
683737,Michael Busch,Chicago Cubs
671732,Lawrence Butler,Athletics
676130,José Buttó,San Francisco Giants
621439,Byron Buxton,Minnesota Twins
676609,José Caballero,Tampa Bay Rays
665795,Edward Cabrera,Miami Marlins
650893,Génesis Cabrera,Minnesota Twins
665828,Oswaldo Cabrera,New York Yankees
695506,Jac Caglianone,Kansas City Royals
683357,Owen Caissie,Chicago Cubs
669743,Alex Call,Los Angeles Dodgers
682997,Tyler Callihan,Cincinnati Reds
663662,Daz Cameron,Milwaukee Brewers
702070,Noah Cameron,Kansas City Royals
691406,Junior Caminero,Tampa Bay Rays
663462,Isaiah Campbell,Boston Red Sox
692225,Kristian Campbell,Boston Red Sox
672569,Gustavo Campero,Los Angeles Angels
669134,Luis Campusano,San Diego Padres
672744,Alexander Canario,Pittsburgh Pirates
600869,Jeimer Candelario,Cincinnati Reds
592192,Mark Canha,Kansas City Royals
656288,Griffin Canning,New York Mets
686563,Jonathan Cannon,Chicago White Sox
666974,Yennier Cano,Baltimore Orioles
676282,Joey Cantillo,Cleveland Guardians
686527,Dominic Canzone,Seattle Mariners
681962,Vinny Capra,Chicago White Sox
605170,Victor Caratini,Houston Astros
666185,Dylan Carlson,Baltimore Orioles
681481,Kerry Carpenter,Detroit Tigers
471911,Carlos Carrasco,Atlanta Braves
692024,Alex Carrillo,New York Mets
682998,Corbin Carroll,Arizona Diamondbacks
694497,Evan Carter,Texas Rangers
671213,Triston Casas,Boston Red Sox
676508,Ben Casparius,Los Angeles Dodgers
680604,Blas Castaño,Seattle Mariners
592206,Nick Castellanos,Philadelphia Phillies
620454,José Castillo,Baltimore Orioles
622491,Luis Castillo,Seattle Mariners
622379,Luis F. Castillo,Seattle Mariners
612434,Miguel Castro,Chicago White Sox
650489,Willi Castro,Minnesota Twins
676917,Cade Cavalli,Washington Nationals
656302,Dylan Cease,San Diego Padres
677944,Slade Cecconi,Cleveland Guardians
605177,Andrew Chafin,Los Angeles Angels
696149,Bubba Chandler,Pittsburgh Pirates
665953,Andrés Chaparro,Washington Nationals
547973,Aroldis Chapman,Boston Red Sox
656305,Matt Chapman,San Francisco Giants
445926,Jesse Chavez,Atlanta Braves
691907,Tsung-Che Cheng,Pittsburgh Pirates
665862,Jazz Chisholm Jr.,New York Yankees
683409,Angel Chivilli,Colorado Rockies
694192,Jackson Chourio,Milwaukee Brewers
687847,Marc Church,Texas Rangers
701675,Nathan Church,St. Louis Cardinals
650644,Aaron Civale,Chicago Cubs
672016,Denzel Clarke,Athletics
664199,Taylor Clarke,Kansas City Royals
661403,Emmanuel Clase,Cleveland Guardians
682729,Jonatan Clase,Toronto Blue Jays
664076,Garrett Cleavinger,Tampa Bay Rays
665019,Kody Clemens,Minnesota Twins
676391,Ernie Clement,Toronto Blue Jays
605182,Mike Clevinger,Chicago White Sox
805904,Zach Cole,Houston Astros
686555,Isaac Collins,Milwaukee Brewers
624424,Michael Conforto,Los Angeles Dodgers
665052,Griffin Conine,Miami Marlins
664351,Luis Contreras,Houston Astros
672710,Roansy Contreras,Colorado Rockies
661388,William Contreras,Milwaukee Brewers
575929,Willson Contreras,St. Louis Cardinals
695257,Billy Cook,Pittsburgh Pirates
571578,Patrick Corbin,Texas Rangers
692030,Jose Corniell,Texas Rangers
685744,Kenedy Corona,Houston Astros
621043,Carlos Correa,Houston Astros
666126,Carlos Cortes,Athletics
641482,Nestor Cortes,San Diego Padres
676680,Tom Cosgrove,Chicago Cubs
543056,Danny Coulombe,Texas Rangers
681297,Colton Cowser,Baltimore Orioles
680735,Austin Cox,Atlanta Braves
641487,J.P. Crawford,Seattle Mariners
686611,Dylan Crews,Washington Nationals
688760,Blaine Crim,Colorado Rockies
622503,Nabil Crismatt,Arizona Diamondbacks
681867,Cooper Criswell,Boston Red Sox
676979,Garrett Crochet,Boston Red Sox
630105,Jake Cronenworth,San Diego Padres
699625,Jimmy Crooks,St. Louis Cardinals
691718,Pete Crow-Armstrong,Chicago Cubs
518585,Fernando Cruz,New York Yankees
678316,Omar Cruz,San Diego Padres
665833,Oneil Cruz,Pittsburgh Pirates
674444,Steven Cruz,Kansas City Royals
675540,Xzavion Curry,Miami Marlins
595928,John Curtiss,Arizona Diamondbacks
681168,Luis Curvelo,Texas Rangers
518595,Travis d'Arnaud,Los Angeles Angels
666915,Bobby Dalbec,Chicago White Sox
702674,Caden Dana,Los Angeles Angels
669721,Davis Daniel,Atlanta Braves
699911,Dugan Darnell,Colorado Rockies
690382,Michael Darrell-Hicks,Pittsburgh Pirates
506433,Yu Darvish,San Diego Padres
669722,Logan Davidson,Los Angeles Angels
680779,Henry Davis,Pittsburgh Pirates
605204,J.D. Davis,Los Angeles Angels
663562,Noah Davis,Minnesota Twins
681909,Justin Dean,Los Angeles Dodgers
676969,Brett de Geus,Philadelphia Phillies
594798,Jacob deGrom,Texas Rangers
657557,Paul DeJong,Washington Nationals
650559,Bryan De La Cruz,Atlanta Braves
682829,Elly De La Cruz,Cincinnati Reds
680728,Adrian Del Castillo,Arizona Diamondbacks
592254,José De León,Boston Red Sox
660853,Enyel De Los Santos,Houston Astros
660787,Yerry De los Santos,New York Yankees
676356,Jonny DeLuca,Tampa Bay Rays
543101,Anthony DeSclafani,Arizona Diamondbacks
672282,Reid Detmers,Los Angeles Angels
687478,Cam Devanney,Pittsburgh Pirates
606965,Chris Devenski,New York Mets
646240,Rafael Devers,San Francisco Giants
701305,Zach Dezenzo,Houston Astros
664747,Alexis Díaz,Atlanta Braves
621242,Edwin Díaz,New York Mets
553869,Elias Díaz,San Diego Padres
646242,Jhonathan Díaz,Seattle Mariners
673237,Yainer Diaz,Houston Astros
650490,Yandy Díaz,Tampa Bay Rays
700270,Yilber Díaz,Arizona Diamondbacks
693307,Dillon Dingler,Detroit Tigers
690928,Hunter Dobbins,Boston Red Sox
677976,Randy Dobnak,Minnesota Twins
689266,Dylan Dodd,Atlanta Braves
801403,Chase Dollander,Colorado Rockies
691176,Jasson Domínguez,New York Yankees
622554,Seranthony Domínguez,Toronto Blue Jays
680977,Brendan Donovan,St. Louis Cardinals
666808,Camilo Doval,New York Yankees
686668,Brenton Doyle,Colorado Rockies
676263,Jack Dreyer,Los Angeles Dodgers
681869,Shawn Dubin,Baltimore Orioles
643289,Mauricio Dubón,Houston Astros
694362,Blake Dunn,Cincinnati Reds
686554,Oliver Dunn,Milwaukee Brewers
641540,Dane Dunning,Atlanta Braves
679922,Carlos Duran,Athletics
677649,Ezequiel Duran,Texas Rangers
680776,Jarren Duran,Boston Red Sox
661395,Jhoan Duran,Philadelphia Phillies
702332,Caleb Durbin,Milwaukee Brewers
813349,Connelly Early,Boston Red Sox
681987,Nate Eaton,Boston Red Sox
671109,Jake Eder,Los Angeles Angels
669242,Tommy Edman,Los Angeles Dodgers
605218,Carl Edwards Jr.,Texas Rangers
669364,Xavier Edwards,Miami Marlins
664123,Scott Effross,New York Yankees
621107,Zach Eflin,Baltimore Orioles
685126,Brandon Eisert,Chicago White Sox
693821,Bryce Elder,Atlanta Braves
805811,Bryce Eldridge,San Francisco Giants
671284,Tim Elko,Chicago White Sox
686642,Fraser Ellard,Chicago White Sox
666464,Jerar Encarnacion,San Francisco Giants
687952,Christian Encarnacion-Strand,Cincinnati Reds
669438,Mason Englert,Tampa Bay Rays
663536,Tristin English,Arizona Diamondbacks
608650,Dietrich Enns,Baltimore Orioles
663671,Nic Enright,Cleveland Guardians
543135,Nathan Eovaldi,Texas Rangers
668674,Lucas Erceg,Kansas City Royals
641555,J.C. Escarra,New York Yankees
664744,Jose Espada,Baltimore Orioles
669289,Santiago Espinal,Cincinnati Reds
683155,Joey Estes,Athletics
608032,Carlos Estévez,Kansas City Royals
669093,Jeremiah Estrada,San Diego Padres
681751,Lazaro Estrada,Toronto Blue Jays
642731,Thairo Estrada,Colorado Rockies
688138,Logan Evans,Seattle Mariners
664126,Pete Fairbanks,Tampa Bay Rays
656413,Stuart Fairchild,Atlanta Braves
663559,Bailey Falter,Kansas City Royals
571657,Kyle Farmer,Colorado Rockies
815083,Mitch Farris,Los Angeles Angels
676534,Calvin Faucher,Miami Marlins
607200,Erick Fedde,Milwaukee Brewers
676439,Hunter Feduccia,Tampa Bay Rays
663372,Ryan Feltner,Colorado Rockies
657571,Caleb Ferguson,Seattle Mariners
621053,Tyler Ferguson,Athletics
666023,Freddy Fermin,San Diego Padres
665877,José Fermín,St. Louis Cardinals
820862,José Fermin,Los Angeles Angels
642759,Julian Fernández,Washington Nationals
681676,Ryan Fernandez,St. Louis Cardinals
692585,Yanquiel Fernández,Colorado Rockies
678606,José A. Ferrer,Washington Nationals
701581,David Festa,Minnesota Twins
670036,Matt Festa,Cleveland Guardians
656420,J.P. Feyereisen,Los Angeles Dodgers
640448,Kyle Finnegan,Detroit Tigers
680755,Braydon Fisher,Toronto Blue Jays
690916,Richard Fitts,Boston Red Sox
680837,Ryan Fitzgerald,Minnesota Twins
666149,Tyler Fitzgerald,San Francisco Giants
656427,Jack Flaherty,Detroit Tigers
666150,Dominic Fletcher,Chicago White Sox
623167,Chris Flexen,Chicago Cubs
804668,Rafael Flores Jr.,Pittsburgh Pirates
527038,Wilmer Flores,San Francisco Giants
689254,Mason Fluharty,Toronto Blue Jays
695670,Harry Ford,Seattle Mariners
663743,Nick Fortes,Tampa Bay Rays
679822,Justin Foscue,Texas Rangers
641584,Jake Fraley,Atlanta Braves
641585,J.P. France,Houston Astros
664034,Ty France,Toronto Blue Jays
670102,Bowden Francis,Toronto Blue Jays
624428,Adam Frazier,Kansas City Royals
690976,Alex Freeland,Los Angeles Dodgers
607536,Kyle Freeland,Colorado Rockies
673965,Caleb Freeman,Chicago White Sox
683227,Cody Freeman,Texas Rangers
518692,Freddie Freeman,Los Angeles Dodgers
671289,Tyler Freeman,Colorado Rockies
686217,Sal Frelick,Milwaukee Brewers
608331,Max Fried,New York Yankees
670770,TJ Friedl,Cincinnati Reds
681807,David Fry,Cleveland Guardians
800311,Didier Fuentes,Atlanta Braves
690924,Braxton Fulford,Colorado Rockies
608334,Carson Fulmer,Los Angeles Angels
605242,Michael Fulmer,Chicago Cubs
681892,Kody Funderburk,Minnesota Twins
683769,Hunter Gaddis,Cleveland Guardians
657424,Matt Gage,San Francisco Giants
668678,Zac Gallen,Arizona Diamondbacks
642520,Gerson Garabito,Texas Rangers
605244,Aramis Garcia,Arizona Diamondbacks
805299,Brandyn Garcia,Arizona Diamondbacks
691373,Jhostynxon Garcia,Boston Red Sox
666969,Adolis García,Texas Rangers
670329,Rico Garcia,Baltimore Orioles
671277,Luis García Jr.,Washington Nationals
472610,Luis García,Los Angeles Angels
677651,Luis Garcia,Houston Astros
672580,Maikel Garcia,Kansas City Royals
676395,Robert Garcia,Texas Rangers
554340,Yimi García,Toronto Blue Jays
657585,Reed Garrett,New York Mets
641598,Mitch Garver,Seattle Mariners
621057,Justin Garza,New York Mets
681508,Mickey Gasper,Minnesota Twins
688107,Robert Gasser,Milwaukee Brewers
592332,Kevin Gausman,Toronto Blue Jays
680869,Zack Gelof,Athletics
680702,Joey Gerber,Tampa Bay Rays
801434,Paul Gervase,Los Angeles Dodgers
664139,Ian Gibaut,Cincinnati Reds
806188,Cade Gibson,Miami Marlins
502043,Kyle Gibson,Baltimore Orioles
661563,Luis Gil,New York Yankees
687551,Drew Gilbert,San Francisco Giants
669302,Logan Gilbert,Seattle Mariners
656457,Tyler Gilbert,Chicago White Sox
656458,Lucas Gilbreath,Colorado Rockies
670810,Logan Gillaspie,San Diego Padres
687362,Connor Gillispie,Miami Marlins
665926,Andrés Giménez,Toronto Blue Jays
656464,Kevin Ginkel,Arizona Diamondbacks
669372,J.T. Ginn,Athletics
608337,Lucas Giolito,Boston Red Sox
687830,Sawyer Gipson-Long,Detroit Tigers
607192,Tyler Glasnow,Los Angeles Dodgers
502671,Paul Goldschmidt,New York Yankees
596295,Austin Gomber,Colorado Rockies
672782,Yoendrys Gómez,Chicago White Sox
664062,Tony Gonsolin,Los Angeles Dodgers
693304,Nick Gonzales,Pittsburgh Pirates
660757,Oscar Gonzalez,San Diego Padres
663853,Romy Gonzalez,Boston Red Sox
682790,Wikelman González,Chicago White Sox
696100,Hunter Goodman,Colorado Rockies
676467,Colton Gordon,Houston Astros
685299,Tanner Gordon,Colorado Rockies
669022,MacKenzie Gore,Washington Nationals
669357,Nolan Gorman,St. Louis Cardinals
685301,Matt Gorski,Pittsburgh Pirates
700669,Gordon Graceffo,St. Louis Cardinals
701552,Andre Granillo,St. Louis Cardinals
608665,Kendall Graveman,Arizona Diamondbacks
592351,Jon Gray,Texas Rangers
543243,Sonny Gray,St. Louis Cardinals
656484,Tristan Gray,Tampa Bay Rays
643338,Chad Green,Toronto Blue Jays
668881,Hunter Greene,Cincinnati Reds
682985,Riley Greene,Detroit Tigers
545341,Randal Grichuk,Kansas City Royals
663757,Trent Grisham,New York Yankees
674944,Sean Guenther,Detroit Tigers
692285,Luis Guerrero,Boston Red Sox
665489,Vladimir Guerrero Jr.,Toronto Blue Jays
641645,Luis Guillorme,Houston Astros
666971,Lourdes Gurriel Jr.,Arizona Diamondbacks
493329,Yuli Gurriel,San Diego Padres
687473,Ryan Gusto,Miami Marlins
694203,Denzer Guzman,Los Angeles Angels
606992,Eric Haase,Milwaukee Brewers
623352,Josh Hader,Houston Astros
663795,Justin Hagenman,New York Mets
664059,Sam Haggerty,Texas Rangers
534910,Jesse Hahn,Seattle Mariners
669084,DL Hall,Milwaukee Brewers
690984,Petey Halpin,Cleveland Guardians
678020,Seth Halvorsen,Colorado Rockies
687589,Dom Hamel,New York Mets
666152,David Hamilton,Boston Red Sox
641656,Ian Hamilton,New York Yankees
641658,Garrett Hampson,St. Louis Cardinals
676106,Emerson Hancock,Seattle Mariners
668974,Maverick Handley,Baltimore Orioles
669724,Brenan Hanifee,Detroit Tigers
664023,Ian Happ,Chicago Cubs
547180,Bryce Harper,Philadelphia Phillies
802419,Thomas Harrington,Pittsburgh Pirates
695391,Brett Harris,Athletics
687957,Dustin Harris,Texas Rangers
802686,Hayden Harris,Atlanta Braves
663687,Hogan Harris,Athletics
671739,Michael Harris II,Atlanta Braves
690986,Kyle Harrison,Boston Red Sox
606996,Kyle Hart,San Diego Padres
664129,Geoff Hartlieb,Detroit Tigers
640451,Hunter Harvey,Kansas City Royals
690987,Robert Hassell III,Washington Nationals
641672,Thomas Hatch,Minnesota Twins
663647,Ke'Bryan Hayes,Cincinnati Reds
669720,Austin Hays,Cincinnati Reds
687396,Brent Headrick,New York Yankees
571760,Andrew Heaney,Los Angeles Dodgers
595978,Austin Hedges,Cleveland Guardians
641680,Jonah Heim,Texas Rangers
623168,Tyler Heineman,Toronto Blue Jays
680737,Michael Helman,Texas Rangers
664854,Ryan Helsley,New York Mets
683002,Gunnar Henderson,Baltimore Orioles
701656,Logan Henderson,Milwaukee Brewers
543294,Kyle Hendricks,Los Angeles Angels
521230,Liam Hendriks,Boston Red Sox
683618,Edgardo Henriquez,Los Angeles Dodgers
678692,Ronny Henriquez,Miami Marlins
669371,Cole Henry,Washington Nationals
674072,Tommy Henry,Arizona Diamondbacks
623474,Jimmy Herget,Colorado Rockies
643361,Kevin Herget,New York Mets
687231,Darell Hernaiz,Athletics
672578,Carlos Hernández,Cleveland Guardians
678226,Daysbel Hernández,Atlanta Braves
571771,Enrique Hernández,Los Angeles Dodgers
681715,Heriberto Hernández,Miami Marlins
663321,Nick Hernandez,Houston Astros
606192,Teoscar Hernández,Los Angeles Dodgers
671056,Iván Herrera,St. Louis Cardinals
645444,Jose Herrera,Arizona Diamondbacks
682120,Tim Herrin,Cleveland Guardians
676051,Codi Heuer,Detroit Tigers
518792,Jason Heyward,San Diego Padres
676551,Brewer Hicklen,Detroit Tigers
663855,Jordan Hicks,Boston Red Sox
689414,Liam Hicks,Miami Marlins
543309,Kyle Higashioka,Texas Rangers
656537,Derek Hill,Chicago White Sox
677955,Jaden Hill,Colorado Rockies
448179,Rich Hill,Kansas City Royals
657612,Tim Hill,New York Yankees
656541,Sam Hilliard,Colorado Rockies
677956,Rece Hinds,Cincinnati Reds
682274,Yaramil Hiraldo,Baltimore Orioles
669374,Keston Hiura,Colorado Rockies
663546,Sean Hjelle,San Francisco Giants
687863,Porter Hodge,Chicago Cubs
663773,Bryan Hoeing,San Diego Padres
663538,Nico Hoerner,Chicago Cubs
656546,Jeff Hoffman,Toronto Blue Jays
676510,Nolan Hoffman,Philadelphia Phillies
694851,Andrew Hoffmann,Arizona Diamondbacks
680684,Gunnar Hoglund,Athletics
670059,Colin Holderman,Pittsburgh Pirates
702616,Jackson Holliday,Baltimore Orioles
668970,Gavin Hollowell,Chicago Cubs
680880,Grant Holman,Athletics
605280,Clay Holmes,New York Mets
656550,Grant Holmes,Atlanta Braves
663947,Tyler Holton,Detroit Tigers
690544,Bailey Horn,Detroit Tigers
690990,Cade Horton,Chicago Cubs
687462,Spencer Horwitz,Pittsburgh Pirates
656555,Rhys Hoskins,Milwaukee Brewers
656557,Tanner Houck,Boston Red Sox
691781,Brady House,Washington Nationals
605288,Adrian Houser,Tampa Bay Rays
663542,Bryan Hudson,Chicago White Sox
669087,Sam Huff,San Francisco Giants
669450,Cooper Hummel,Houston Astros
676428,Brant Hurter,Detroit Tigers
674441,Jacob Hurtubise,Cincinnati Reds
628451,Andy Ibáñez,Detroit Tigers
578428,Jose Iglesias,San Diego Padres
628452,Raisel Iglesias,Atlanta Braves
684007,Shota Imanaga,Chicago Cubs
663697,Jonathan India,Kansas City Royals
663623,Jake Irvin,Washington Nationals
664728,Kyle Isbel,Kansas City Royals
656577,Alex Jackson,Baltimore Orioles
669236,Jeremiah Jackson,Baltimore Orioles
592426,Luke Jackson,Seattle Mariners
689690,Alek Jacob,San Diego Padres
686753,Drey Jameson,Arizona Diamondbacks
608671,Travis Jankowski,New York Mets
643376,Danny Jansen,Milwaukee Brewers
445276,Kenley Jansen,Los Angeles Angels
686826,Bryce Jarvis,Arizona Diamondbacks
664299,Cristian Javier,Houston Astros
643377,Griffin Jax,Tampa Bay Rays
680777,Ryan Jeffers,Minnesota Twins
695600,Carter Jensen,Kansas City Royals
677870,Leo Jiménez,Toronto Blue Jays
695549,Jackson Jobe,Detroit Tigers
656582,Connor Joe,Cincinnati Reds
669369,Bryce Johnson,San Diego Padres
669288,Daniel Johnson,Baltimore Orioles
572955,Pierce Johnson,Atlanta Braves
696270,Ryan Johnson,Los Angeles Angels
686751,Seth Johnson,Philadelphia Phillies
687859,Troy Johnston,Miami Marlins
675659,Greg Jones,Chicago White Sox
663330,Jahmai Jones,Detroit Tigers
666134,Nolan Jones,Cleveland Guardians
690829,Ben Joyce,Los Angeles Angels
592450,Aaron Judge,New York Yankees
666397,Edouard Julien,Minnesota Twins
667452,Corey Julks,Chicago White Sox
690291,Jace Jung,Detroit Tigers
673962,Josh Jung,Texas Rangers
596001,Jakob Junis,Cleveland Guardians
676083,Janson Junk,Miami Marlins
592454,Tommy Kahnle,Detroit Tigers
663731,Connor Kaiser,Arizona Diamondbacks
691720,Kyle Karros,Colorado Rockies
694359,Niko Kavadas,Los Angeles Angels
692216,CJ Kayfus,Cleveland Guardians
807712,Luke Keaschall,Minnesota Twins
680577,DaShawn Keirsey Jr.,Minnesota Twins
690993,Colt Keith,Detroit Tigers
672284,Jarred Kelenic,Atlanta Braves
641745,Brad Keller,Chicago Cubs
656605,Mitch Keller,Pittsburgh Pirates
608348,Carson Kelly,Chicago Cubs
543391,Casey Kelly,Arizona Diamondbacks
518876,Merrill Kelly,Texas Rangers
687330,Kevin Kelly,Tampa Bay Rays
547184,Michael Kelly,Athletics
677161,Zack Kelly,Boston Red Sox
805249,Otto Kemp,Philadelphia Phillies
671083,Buddy Kennedy,Los Angeles Dodgers
687849,Zak Kent,Cleveland Guardians
596146,Max Kepler,Philadelphia Phillies
689147,Orion Kerkering,Philadelphia Phillies
477132,Clayton Kershaw,Los Angeles Dodgers
666198,Carter Kieboom,Los Angeles Angels
579328,Yusei Kikuchi,Los Angeles Angels
673490,Ha-Seong Kim,Atlanta Braves
808975,Hyeseong Kim,Los Angeles Dodgers
518886,Craig Kimbrel,Houston Astros
643396,Isiah Kiner-Falefa,Toronto Blue Jays
687911,Bryan King,Houston Astros
667463,John King,St. Louis Cardinals
650633,Michael King,San Diego Padres
664068,Scott Kingery,Los Angeles Angels
641755,Tyler Kinley,Atlanta Braves
669923,George Kirby,Seattle Mariners
672386,Alejandro Kirk,Toronto Blue Jays
552640,Andrew Kittredge,Chicago Cubs
677008,Heston Kjerstad,Baltimore Orioles
694361,Will Klein,Los Angeles Dodgers
689017,Landon Knack,Los Angeles Dodgers
668800,Andrew Knizner,San Francisco Giants
686799,Jack Kochanowicz,Los Angeles Angels
657649,Jared Koenig,Milwaukee Brewers
663568,Stephen Kolek,Kansas City Royals
656629,Michael Kopech,Los Angeles Dodgers
683766,Christian Koss,San Francisco Giants
663804,Jackson Kowar,Seattle Mariners
668820,Max Kranick,New York Mets
668952,Ryan Kreidler,Detroit Tigers
665152,Dean Kremer,Baltimore Orioles
621139,Brooks Kriske,Minnesota Twins
640454,Matt Krook,Athletics
701762,Nick Kurtz,Athletics
680757,Steven Kwan,Cleveland Guardians
656638,Alex Lange,Detroit Tigers
669127,Shea Langeliers,Athletics
694671,Wyatt Langford,Texas Rangers
666659,Sauryn Lao,Washington Nationals
691251,Andry Lara,Washington Nationals
663616,Trevor Larnach,Minnesota Twins
686747,Joe La Sorsa,Cincinnati Reds
656641,Jacob Latz,Texas Rangers
641778,Eric Lauer,Toronto Blue Jays
657656,Ramón Laureano,San Diego Padres
689520,Cody Laweryson,Minnesota Twins
691783,Jordan Lawlar,Arizona Diamondbacks
596271,Casey Lawrence,Seattle Mariners
664875,Justin Lawrence,Pittsburgh Pirates
676661,Max Lazar,Philadelphia Phillies
681517,Kyle Leahy,St. Louis Cardinals
673929,Jordan Leasure,Chicago White Sox
600917,José Leclerc,Athletics
686797,Brooks Lee,Minnesota Twins
695445,Chase Lee,Detroit Tigers
669276,Dylan Lee,Atlanta Braves
808982,Jung Hoo Lee,San Francisco Giants
686676,Korey Lee,Chicago White Sox
668984,Casey Legumina,Seattle Mariners
683004,Jack Leiter,Texas Rangers
643410,Mark Leiter Jr.,New York Yankees
518934,DJ LeMahieu,New York Yankees
506702,Sandy León,Atlanta Braves
668904,Royce Lewis,Minnesota Twins
669461,Matthew Liberatore,St. Louis Cardinals
695734,Daylen Lile,Washington Nationals
596019,Francisco Lindor,New York Mets
702358,Trey Lipscomb,Washington Nationals
641793,Zack Littell,Cincinnati Reds
663893,Brendon Little,Toronto Blue Jays
669193,Jack Little,Los Angeles Dodgers
681432,Luke Little,Chicago Cubs
594902,Ben Lively,Cleveland Guardians
642528,Jonathan Loáisiga,New York Yankees
682988,Tyler Locklear,Arizona Diamondbacks
663604,Brandon Lockridge,Milwaukee Brewers
666157,Nick Lodolo,Cincinnati Reds
679845,Nick Loftin,Kansas City Royals
669674,Sam Long,Kansas City Royals
694388,Joey Loperfido,Toronto Blue Jays
682052,Jacob Lopez,Athletics
605347,Jorge López,Washington Nationals
670032,Nicky Lopez,Los Angeles Angels
672640,Otto Lopez,Miami Marlins
641154,Pablo López,Minnesota Twins
625643,Reynaldo López,Atlanta Braves
695418,Brad Lord,Washington Nationals
547179,Michael Lorenzen,Kansas City Royals
702795,Ryan Loutos,Washington Nationals
663992,Richard Lovelady,New York Mets
664040,Brandon Lowe,Tampa Bay Rays
663993,Nathaniel Lowe,Boston Red Sox
666139,Josh Lowe,Tampa Bay Rays
687922,Easton Lucas,Toronto Blue Jays
664192,Joey Lucchesi,San Francisco Giants
607625,Seth Lugo,Kansas City Royals
683090,Matthew Lugo,Los Angeles Angels
664770,Nathan Lukes,Toronto Blue Jays
666158,Gavin Lux,Cincinnati Reds
666200,Jesús Luzardo,Philadelphia Phillies
663738,Daniel Lynch IV,Kansas City Royals
592518,Manny Machado,San Diego Padres
605353,Vimael Machín,Baltimore Orioles
680862,Willie MacIver,Athletics
628317,Kenta Maeda,Detroit Tigers
641816,Tyler Mahle,Texas Rangers
571912,Luke Maile,Kansas City Royals
687424,Anthony Maldonado,Athletics
455117,Martín Maldonado,San Diego Padres
669234,Justyn-Henry Malloy,Detroit Tigers
640455,Sean Manaea,New York Mets
663968,Jake Mangum,Tampa Bay Rays
573009,Joe Mantiply,Arizona Diamondbacks
700932,Kyle Manzardo,Cleveland Guardians
665561,Rafael Marchán,Philadelphia Phillies
622534,Manuel Margot,Detroit Tigers
676760,Ron Marinaccio,San Diego Padres
608566,Germán Márquez,Colorado Rockies
805300,Jakob Marsee,Miami Marlins
669016,Brandon Marsh,Philadelphia Phillies
606466,Ketel Marte,Arizona Diamondbacks
682622,Noelvi Marte,Cincinnati Reds
516782,Starling Marte,New York Mets
668885,Austin Martin,Minnesota Twins
455119,Chris Martin,Texas Rangers
656686,Corbin Martin,Baltimore Orioles
663436,Davis Martin,Chicago White Sox
682657,Angel Martínez,Cleveland Guardians
679885,Justin Martinez,Arizona Diamondbacks
607259,Nick Martinez,Cincinnati Reds
661527,Seth Martinez,Miami Marlins
605361,Nick Martini,Colorado Rockies
686681,Michael Massey,Kansas City Royals
670156,Miles Mastrobuoni,Seattle Mariners
622761,Jorge Mateo,Baltimore Orioles
665155,Nick Maton,Chicago White Sox
664208,Phil Maton,Texas Rangers
682641,Luis Matos,San Francisco Giants
673513,Yuki Matsui,San Diego Padres
694728,Brice Matthews,Houston Astros
805673,Zebby Matthews,Minnesota Twins
676755,Isaac Mattson,Pittsburgh Pirates
571927,Steven Matz,Boston Red Sox
554431,Tyler Matzek,New York Yankees
677595,Ronny Mauricio,New York Mets
687209,Zach Maxwell,Cincinnati Reds
669160,Dustin May,Boston Red Sox
691785,Marcelo Mayer,Boston Red Sox
691723,Coby Mayo,Baltimore Orioles
641835,Tim Mayza,Philadelphia Phillies
800049,Adam Mazur,Miami Marlins
543510,James McCann,Arizona Diamondbacks
664983,Jake McCarthy,Arizona Diamondbacks
670766,Darren McCaughan,Minnesota Twins
676801,Chas McCormick,Houston Astros
669200,Mason McCoy,San Diego Padres
687529,Grant McCray,San Francisco Giants
621121,Lance McCullers Jr.,Houston Astros
676812,Carson McCusker,Minnesota Twins
457705,Andrew McCutchen,Pittsburgh Pirates
680729,Garrett McDaniels,Los Angeles Angels
694646,Chayce McDermott,Baltimore Orioles
686790,Trevor McDonald,San Francisco Giants
519008,T.J. McFarland,Athletics
668834,Easton McGee,Milwaukee Brewers
543518,Scott McGough,Athletics
700241,Michael McGreevy,St. Louis Cardinals
624512,Reese McGuire,Chicago Cubs
663474,Triston McKenzie,Cleveland Guardians
641856,Billy McKinney,Texas Rangers
656716,Zach McKinstry,Detroit Tigers
680574,Matt McLain,Cincinnati Reds
690997,Nolan McLean,New York Mets
641857,Ryan McMahon,New York Yankees
643446,Jeff McNeil,New York Mets
678554,Curtis Mead,Chicago White Sox
678009,Parker Meadows,Detroit Tigers
683232,Nick Mears,Milwaukee Brewers
682989,Victor Mederos,Los Angeles Angels
656730,Trevor Megill,Milwaukee Brewers
656731,Tylor Megill,New York Mets
805367,Chase Meidroth,Chicago White Sox
675848,Juan Mejia,Colorado Rockies
669004,MJ Melendez,Kansas City Royals
689200,Jacob Melton,Houston Astros
675512,Troy Melton,Detroit Tigers
691441,Cristian Mena,Arizona Diamondbacks
675650,Michael Mercado,Philadelphia Phillies
701538,Jackson Merrill,San Diego Padres
657240,Julian Merryweather,Chicago Cubs
670223,Matt Mervis,Miami Marlins
683748,Victor Mesa Jr.,Miami Marlins
800048,Parker Messick,Cleveland Guardians
682825,Luis Mey,Cincinnati Reds
676974,Max Meyer,Miami Marlins
676694,Jake Meyers,Houston Astros
571945,Miles Mikolas,St. Louis Cardinals
489119,Wade Miley,Cincinnati Reds
686452,Drew Millas,Washington Nationals
682243,Bryce Miller,Seattle Mariners
669062,Erik Miller,San Francisco Giants
695243,Mason Miller,San Diego Padres
680911,Owen Miller,Colorado Rockies
676272,Bobby Miller,Los Angeles Dodgers
571946,Shelby Miller,Milwaukee Brewers
571948,Hoby Milner,Texas Rangers
621345,A.J. Minter,New York Mets
669304,Jose Miranda,Minnesota Twins
664948,Anthony Misiewicz,Minnesota Twins
694819,Jacob Misiorowski,Milwaukee Brewers
670224,Kameron Misner,Tampa Bay Rays
669003,Garrett Mitchell,Milwaukee Brewers
663554,Casey Mize,Detroit Tigers
669387,Carmen Mlodzinski,Pittsburgh Pirates
683627,Anthony Molina,Colorado Rockies
594580,Sam Moll,Cincinnati Reds
655316,Andruw Monasterio,Milwaukee Brewers
660162,Yoán Moncada,Los Angeles Angels
666160,Mickey Moniak,Colorado Rockies
593423,Frankie Montas,New York Mets
672456,Keider Montero,Detroit Tigers
606160,Rafael Montero,Detroit Tigers
663796,Coco Montes,Tampa Bay Rays
801216,Christian Montes De Oca,Arizona Diamondbacks
687287,Patrick Monteverde,Miami Marlins
695657,Colson Montgomery,Chicago White Sox
682254,Mason Montgomery,Tampa Bay Rays
695681,Christian Moore,Los Angeles Angels
664238,Dylan Moore,Texas Rangers
806960,Luis Morales,Athletics
663558,Jovani Morán,Boston Red Sox
670970,Adrian Morejon,San Diego Padres
666624,Christopher Morel,Tampa Bay Rays
672515,Gabriel Moreno,Arizona Diamondbacks
664294,Dauri Moreta,Pittsburgh Pirates
688158,David Morgan,San Diego Padres
669212,Eli Morgan,Chicago Cubs
666661,Juan Morillo,Arizona Diamondbacks
450203,Charlie Morton,Atlanta Braves
663624,Ryan Mountcastle,Baltimore Orioles
656775,Cedric Mullins,New York Mets
571970,Max Muncy,Los Angeles Dodgers
691777,Max Muncy,Athletics
662253,Andrés Muñoz,Seattle Mariners
682610,Roddery Muñoz,St. Louis Cardinals
691548,Rolddy Muñoz,Atlanta Braves
668716,Noah Murdock,Athletics
682171,Penn Murfee,Chicago White Sox
669684,Chris Murphy,Boston Red Sox
669221,Sean Murphy,Atlanta Braves
681151,Jayden Murray,Houston Astros
667472,Dane Myers,Miami Marlins
668964,Tobias Myers,Milwaukee Brewers
667297,Tommy Nance,Toronto Blue Jays
665966,Carlos Narváez,Boston Red Sox
553882,Omar Narváez,Chicago White Sox
640459,Brian Navarreto,Miami Marlins
647304,Josh Naylor,Seattle Mariners
666310,Bo Naylor,Cleveland Guardians
669459,Kyle Nelson,Arizona Diamondbacks
669194,Ryne Nelson,Arizona Diamondbacks
593576,Héctor Neris,Houston Astros
687263,Zach Neto,Los Angeles Angels
656794,Sean Newcomb,Athletics
621028,Kevin Newman,Los Angeles Angels
693312,Kyle Nicolas,Pittsburgh Pirates
621512,Tomás Nido,Detroit Tigers
680951,Doug Nikhazy,Cleveland Guardians
607043,Brandon Nimmo,New York Mets
676116,Ryan Noda,Baltimore Orioles
678877,Jhonkensy Noel,Cleveland Guardians
605400,Aaron Nola,Philadelphia Phillies
543592,Austin Nola,Colorado Rockies
663457,Lars Nootbaar,St. Louis Cardinals
681393,Connor Norby,Miami Marlins
673380,Dedniel Núñez,New York Mets
624513,Dom Nuñez,Cleveland Guardians
674384,Eduarniel Núñez,Athletics
683083,Nasim Nuñez,Washington Nationals
676617,Riley O'Brien,St. Louis Cardinals
656811,Ryan O'Hearn,San Diego Padres
681351,Logan O'Hoppe,Los Angeles Angels
641933,Tyler O'Neill,Baltimore Orioles
641927,Bailey Ober,Minnesota Twins
829272,Shinnosuke Ogasawara,Washington Nationals
701487,Pierson Ohl,Minnesota Twins
660271,Shohei Ohtani,Los Angeles Dodgers
595345,Steven Okert,Houston Astros
621566,Matt Olson,Atlanta Braves
681857,Reese Olson,Detroit Tigers
680716,Jonathan Ornelas,Atlanta Braves
672359,Tirso Ornelas,San Diego Padres
672391,Kaleb Ort,Houston Astros
687401,Joey Ortiz,Milwaukee Brewers
682847,Luis Ortiz,Cleveland Guardians
679358,Eric Orze,Tampa Bay Rays
696030,Alejandro Osuna,Texas Rangers
671305,Michel Otañez,Athletics
493603,Adam Ottavino,New York Yankees
681546,James Outman,Minnesota Twins
670912,Johan Oviedo,Pittsburgh Pirates
687074,Tyler Owens,Detroit Tigers
542303,Marcell Ozuna,Atlanta Braves
663978,Chris Paddack,Detroit Tigers
641941,Emilio Pagán,Cincinnati Reds
681624,Andy Pages,Los Angeles Dodgers
686780,Pedro Pagés,St. Louis Cardinals
641943,Joshua Palacios,Chicago White Sox
680700,Richie Palacios,Tampa Bay Rays
694037,Daniel Palencia,Chicago Cubs
669449,Jake Palisch,Chicago White Sox
669467,Andre Pallante,St. Louis Cardinals
687223,Carson Palmquist,Colorado Rockies
670623,Isaac Paredes,Houston Astros
677347,Kyren Paris,Los Angeles Angels
680730,Mitchell Parker,Washington Nationals
686469,Vinnie Pasquantino,Kansas City Royals
694477,Chad Patrick,Milwaukee Brewers
688363,Graham Pauley,Miami Marlins
606303,Joel Payamps,Atlanta Braves
663878,Nate Pearson,Chicago Cubs
592626,Joc Pederson,Texas Rangers
665625,Elvis Peguero,Chicago White Sox
666711,Joel Peguero,San Francisco Giants
678894,Liover Peguero,Pittsburgh Pirates
665161,Jeremy Peña,Houston Astros
686752,Ryan Pepiot,Tampa Bay Rays
642547,Freddy Peralta,Milwaukee Brewers
678821,Luis Peralta,Colorado Rockies
671111,Sammy Peralta,Los Angeles Angels
593974,Wandy Peralta,San Diego Padres
672724,Oswald Peraza,Los Angeles Angels
622780,Angel Perdomo,Athletics
672695,Geraldo Perdomo,Arizona Diamondbacks
640902,Jhonny Pereda,Athletics
677592,Everson Pereira,Tampa Bay Rays
672335,Cionel Pérez,Baltimore Orioles
691587,Eury Pérez,Miami Marlins
527048,Martín Pérez,Chicago White Sox
521692,Salvador Perez,Kansas City Royals
672761,Wenceel Pérez,Detroit Tigers
663368,Blake Perkins,Milwaukee Brewers
678022,Jack Perkins,Athletics
671976,Tristan Peters,Tampa Bay Rays
656848,Michael Petersen,Miami Marlins
656849,David Peterson,New York Mets
695534,Chase Petty,Cincinnati Reds
694297,Brandon Pfaadt,Arizona Diamondbacks
502054,Tommy Pham,Pittsburgh Pirates
683175,Connor Phillips,Cincinnati Reds
623465,Evan Phillips,Los Angeles Dodgers
663969,Tyler Phillips,Miami Marlins
663455,Konnor Pilkington,Washington Nationals
607680,Kevin Pillar,Texas Rangers
673820,Robinson Piña,Toronto Blue Jays
702752,Jonathan Pintaro,New York Mets
601713,Nick Pivetta,San Diego Padres
621363,Colin Poche,New York Mets
593871,Jorge Polanco,Seattle Mariners
519141,Drew Pomeranz,Chicago Cubs
647315,Zach Pop,New York Mets
687166,Austin Pope,Arizona Diamondbacks
682515,Logan Porter,San Francisco Giants
547001,Cody Poteet,Baltimore Orioles
676571,PJ Poulin,Washington Nationals
700249,Cade Povich,Baltimore Orioles
650968,Yohel Pozo,St. Louis Cardinals
519151,Ryan Pressly,Chicago Cubs
682990,Quinn Priester,Milwaukee Brewers
693409,César Prieto,St. Louis Cardinals
595777,Jurickson Profar,Atlanta Braves
640462,A.J. Puk,Arizona Diamondbacks
615698,Cal Quantrill,Atlanta Braves
700337,Edgar Quero,Chicago White Sox
650671,José Quijada,Los Angeles Angels
500779,Jose Quintana,Milwaukee Brewers
678882,Ceddanne Rafaela,Boston Red Sox
666142,Cole Ragans,Kansas City Royals
685068,Carson Ragsdale,Baltimore Orioles
663432,Tanner Rainey,Detroit Tigers
663728,Cal Raleigh,Seattle Mariners
548384,Brooks Raley,New York Mets
670042,Luke Raley,Seattle Mariners
682663,Agustín Ramírez,Miami Marlins
541640,Erasmo Ramírez,Minnesota Twins
608070,José Ramírez,Cleveland Guardians
670990,Yohan Ramírez,Pittsburgh Pirates
682868,Bryan Ramos,Chicago White Sox
671218,Heliot Ramos,San Francisco Giants
660604,Alan Rangel,Philadelphia Phillies
675919,Nick Raquet,St. Louis Cardinals
688497,Taylor Rashi,Arizona Diamondbacks
656876,Drew Rasmussen,Tampa Bay Rays
670231,John Rave,Kansas City Royals
592662,Robbie Ray,San Francisco Giants
607067,Colin Rea,Chicago Cubs
592663,J.T. Realmuto,Philadelphia Phillies
608701,Rob Refsnyder,Boston Red Sox
592669,Hunter Renfroe,Kansas City Royals
650859,Luis Rengifo,Los Angeles Angels
622569,Pablo Reyes,New York Yankees
668804,Bryan Reynolds,Pittsburgh Pirates
669308,Sean Reynolds,San Diego Padres
687377,Orlando Ribalta,Washington Nationals
700250,Ben Rice,New York Yankees
670950,Trevor Richards,Arizona Diamondbacks
680689,Lyon Richardson,Cincinnati Reds
663586,Austin Riley,Atlanta Braves
690022,Ryan Ritter,Colorado Rockies
660844,Leo Rivas,Seattle Mariners
656896,Emmanuel Rivera,Baltimore Orioles
665861,Sebastián Rivero,Los Angeles Angels
685005,Christian Roa,Miami Marlins
642016,Daniel Robert,Philadelphia Phillies
673357,Luis Robert Jr.,Chicago White Sox
681799,Ethan Roberts,Chicago Cubs
502085,David Robertson,Philadelphia Phillies
683770,Will Robertson,Chicago White Sox
642020,Chuckie Robinson,Los Angeles Dodgers
645302,Victor Robles,Seattle Mariners
677587,Brayan Rocchio,Cleveland Guardians
697812,Joe Rock,Tampa Bay Rays
677958,Kumar Rocker,Texas Rangers
702176,Alan Roden,Minnesota Twins
663898,Brendan Rodgers,Houston Astros
607074,Carlos Rodón,New York Yankees
699134,Bradgley Rodriguez,San Diego Padres
692230,Carlos Rodriguez,Milwaukee Brewers
593958,Eduardo Rodriguez,Arizona Diamondbacks
660730,Elvin Rodríguez,Baltimore Orioles
682848,Endy Rodríguez,Pittsburgh Pirates
671286,Johnathan Rodríguez,Cleveland Guardians
677594,Julio Rodríguez,Seattle Mariners
655889,Manuel Rodríguez,Tampa Bay Rays
678495,Randy Rodríguez,San Francisco Giants
684320,Yariel Rodríguez,Toronto Blue Jays
668670,Jake Rogers,Detroit Tigers
573124,Taylor Rogers,Chicago Cubs
669432,Trevor Rogers,Baltimore Orioles
643511,Tyler Rogers,New York Mets
679032,Johan Rojas,Philadelphia Phillies
668942,Josh Rojas,Chicago White Sox
500743,Miguel Rojas,Los Angeles Dodgers
669020,Ryan Rolison,Colorado Rockies
605447,Jordan Romano,Philadelphia Phillies
668941,JoJo Romero,St. Louis Cardinals
691011,Drew Romo,Colorado Rockies
667670,Brent Rooker,Athletics
680701,John Rooney,Houston Astros
666163,Ben Rortvedt,Los Angeles Dodgers
592696,Eddie Rosario,Atlanta Braves
642708,Amed Rosario,Washington Nationals
605452,Joe Ross,Philadelphia Phillies
694738,Landen Roupp,San Francisco Giants
688297,Chris Roycroft,St. Louis Cardinals
665923,Esteury Ruiz,Los Angeles Dodgers
614179,José Ruiz,Atlanta Braves
660688,Keibert Ruiz,Washington Nationals
687221,Dalton Rushing,Los Angeles Dodgers
671131,Jackson Rutledge,Washington Nationals
668939,Adley Rutschman,Baltimore Orioles
657746,Joe Ryan,Minnesota Twins
685314,Andrew Saalfrank,Arizona Diamondbacks
666165,Blake Sabol,Boston Red Sox
681870,Erik Sabrowski,Cleveland Guardians
695336,Thomas Saggese,St. Louis Cardinals
663967,César Salazar,Houston Astros
674285,Eduardo Salazar,Washington Nationals
519242,Chris Sale,Atlanta Braves
645305,Ali Sánchez,Toronto Blue Jays
650911,Cristopher Sánchez,Philadelphia Phillies
596142,Gary Sánchez,Baltimore Orioles
660821,Jesús Sánchez,Houston Astros
676742,Cam Sanders,Pittsburgh Pirates
680704,Nick Sandlin,Toronto Blue Jays
682144,Jayvien Sandridge,New York Yankees
663485,Cole Sands,Minnesota Twins
665665,Reiver Sanmartin,Cincinnati Reds
691594,Javier Sanoja,Miami Marlins
467793,Carlos Santana,Chicago Cubs
642701,Dennis Santana,Pittsburgh Pirates
623993,Anthony Santander,Toronto Blue Jays
663574,Tony Santillan,Cincinnati Reds
666619,Gregory Santos,Seattle Mariners
808963,Roki Sasaki,Los Angeles Dodgers
642048,Tayler Saucedo,Seattle Mariners
669422,Matt Sauer,Los Angeles Dodgers
694384,Nolan Schanuel,Los Angeles Angels
453286,Max Scherzer,Toronto Blue Jays
693645,Cam Schlittler,New York Yankees
657376,Clarke Schmidt,New York Yankees
669477,Casey Schmitt,San Francisco Giants
682177,Daniel Schneemann,Cleveland Guardians
676914,Davis Schneider,Toronto Blue Jays
669947,Jesse Scholtens,Tampa Bay Rays
670167,John Schreiber,Kansas City Royals
680474,Max Schuemann,Athletics
687606,Paxton Schultz,Toronto Blue Jays
668845,Aaron Schunk,Colorado Rockies
656941,Kyle Schwarber,Philadelphia Phillies
680885,Spencer Schwellenbach,Atlanta Braves
656945,Tanner Scott,Los Angeles Dodgers
605463,Tayler Scott,Houston Astros
687363,Victor Scott II,St. Louis Cardinals
657756,Connor Seabold,Atlanta Braves
608369,Corey Seager,Texas Rangers
676664,JP Sears,San Diego Padres
678011,Anthony Seigler,Milwaukee Brewers
681882,Colin Selby,Baltimore Orioles
543760,Marcus Semien,Texas Rangers
673540,Kodai Senga,New York Mets
663584,Hayden Senger,New York Mets
622608,Antonio Senzatela,Colorado Rockies
622663,Luis Severino,Athletics
623149,Paul Sewald,Detroit Tigers
693313,Carson Seymour,San Francisco Giants
693855,Ian Seymour,Tampa Bay Rays
676044,Bob Seymour,Tampa Bay Rays
807713,Matt Shaw,Chicago Cubs
686218,Emmet Sheehan,Los Angeles Dodgers
657757,Gavin Sheets,San Diego Padres
670097,Zack Short,Houston Astros
663767,Chase Shugart,Pittsburgh Pirates
694363,Jared Shuster,Chicago White Sox
672279,Michael Siani,St. Louis Cardinals
681217,Chase Silseth,Los Angeles Angels
682927,Ronny Simon,Pittsburgh Pirates
802415,Chandler Simpson,Tampa Bay Rays
681006,Josh Simpson,Miami Marlins
608371,Lucas Sims,Washington Nationals
663903,Brady Singer,Cincinnati Reds
572138,Jon Singleton,Houston Astros
642350,Jose Siri,New York Mets
681895,Evan Sisk,Pittsburgh Pirates
694973,Paul Skenes,Pittsburgh Pirates
669373,Tarik Skubal,Detroit Tigers
686580,Justin Slaten,Boston Red Sox
596103,Austin Slater,New York Yankees
671922,Cade Smith,Cleveland Guardians
701358,Cam Smith,Houston Astros
642086,Dominic Smith,San Francisco Giants
681916,Dylan Smith,Detroit Tigers
669701,Josh Smith,Texas Rangers
656976,Pavin Smith,Arizona Diamondbacks
681343,Shane Smith,Chicago White Sox
669257,Will Smith,Los Angeles Dodgers
700363,AJ Smith-Shawver,Atlanta Braves
605483,Blake Snell,Los Angeles Dodgers
676092,Collin Snider,Seattle Mariners
691016,Tyler Soderstrom,Athletics
686765,Nick Sogard,Boston Red Sox
669256,Nick Solak,Pittsburgh Pirates
456781,Donovan Solano,Texas Rangers
624585,Jorge Soler,Los Angeles Angels
805427,Drew Sommers,Detroit Tigers
666277,George Soriano,Miami Marlins
667755,José Soriano,Los Angeles Angels
647336,Michael Soroka,Chicago Cubs
624641,Edmundo Sosa,Philadelphia Phillies
672820,Lenyn Sosa,Chicago White Sox
642397,Gregory Soto,New York Mets
665742,Juan Soto,New York Mets
656986,Bennett Sousa,Houston Astros
642100,Gabe Speier,Seattle Mariners
687765,Mitch Spence,Athletics
686730,Carson Spiers,Cincinnati Reds
543807,George Springer,Toronto Blue Jays
605488,Jeffrey Springs,Athletics
687075,Brandon Sproat,New York Mets
607732,Jacob Stallings,Colorado Rockies
592773,Ryne Stanek,New York Mets
519317,Giancarlo Stanton,New York Yankees
657006,Justin Steele,Chicago Cubs
668715,Spencer Steer,Cincinnati Reds
683021,Michael Stefanic,Toronto Blue Jays
596112,Robert Stephenson,Los Angeles Angels
663886,Tyler Stephenson,Cincinnati Reds
686993,Justin Sterner,Athletics
677060,Chad Stevens,Los Angeles Angels
670276,Cal Stevenson,Philadelphia Phillies
592779,Brock Stewart,Los Angeles Dodgers
701398,Sal Stewart,Cincinnati Reds
476594,Robert Stock,Boston Red Sox
596115,Trevor Story,Boston Red Sox
681082,Bryson Stott,Philadelphia Phillies
669065,Kyle Stowers,Miami Marlins
621381,Matt Strahm,Philadelphia Phillies
608717,Chris Stratton,Los Angeles Dodgers
676702,Hunter Stratton,Atlanta Braves
664702,Myles Straw,Toronto Blue Jays
519326,Hunter Strickland,Los Angeles Angels
675911,Spencer Strider,Atlanta Braves
573186,Marcus Stroman,New York Yankees
669704,Kade Strowd,Baltimore Orioles
667690,C.J. Stubbs,Washington Nationals
596117,Garrett Stubbs,Philadelphia Phillies
544150,Albert Suárez,Baltimore Orioles
553993,Eugenio Suárez,Seattle Mariners
660761,José Suarez,Atlanta Braves
624133,Ranger Suarez,Philadelphia Phillies
663158,Robert Suarez,San Diego Padres
593833,Wander Suero,Atlanta Braves
608372,Tomoyuki Sugano,Baltimore Orioles
664954,Brett Sullivan,Pittsburgh Pirates
642121,Cole Sulser,Tampa Bay Rays
608718,Brent Suter,Cincinnati Reds
669261,Jack Suwinski,Pittsburgh Pirates
673548,Seiya Suzuki,Chicago Cubs
694335,Matt Svanson,St. Louis Cardinals
657024,Erik Swanson,Toronto Blue Jays
621020,Dansby Swanson,Chicago Cubs
700242,Trey Sweeney,Detroit Tigers
592791,Jameson Taillon,Chicago Cubs
676206,Freddy Tarnok,Miami Marlins
622253,Dillon Tate,Toronto Blue Jays
665487,Fernando Tatis Jr.,San Diego Padres
643565,Mike Tauchman,Chicago White Sox
665750,Leody Taveras,Seattle Mariners
694374,Tim Tawa,Arizona Diamondbacks
621035,Chris Taylor,Los Angeles Angels
691799,Grant Taylor,Chicago White Sox
572191,Michael A. Taylor,Chicago White Sox
669392,Samad Taylor,Seattle Mariners
700187,Troy Taylor,Seattle Mariners
621438,Tyrone Taylor,New York Mets
691019,Kyle Teel,Chicago White Sox
642133,Rowdy Tellez,Texas Rangers
677588,José Tena,Washington Nationals
678906,Kai-Wei Teng,San Francisco Giants
669326,Bryce Teodosio,Los Angeles Angels
642136,Matt Thaiss,Tampa Bay Rays
573204,Caleb Thielbar,Chicago Cubs
677950,Alek Thomas,Arizona Diamondbacks
687515,Colby Thomas,Athletics
657041,Lane Thomas,Cleveland Guardians
689041,Rhylan Thomas,Seattle Mariners
671162,Connor Thomas,Milwaukee Brewers
666168,Mason Thompson,Washington Nationals
657044,Ryan Thompson,Arizona Diamondbacks
605507,Zach Thompson,Atlanta Braves
663423,Trent Thornton,Seattle Mariners
694918,Blade Tidwell,New York Mets
622786,Jesus Tinoco,Miami Marlins
669911,Michael Toglia,Colorado Rockies
686475,Tyler Tolbert,Kansas City Royals
801139,Payton Tolle,Boston Red Sox
804636,Jonah Tong,New York Mets
543859,Michael Tonkin,Minnesota Twins
623437,Justin Topa,Minnesota Twins
679529,Spencer Torkelson,Detroit Tigers
647351,Abraham Toro,Boston Red Sox
620443,Luis Torrens,New York Mets
650402,Gleyber Torres,Detroit Tigers
657053,Touki Toussaint,Los Angeles Angels
678662,Ezequiel Tovar,Colorado Rockies
666211,Taylor Trammell,Houston Astros
595014,Blake Treinen,Los Angeles Dodgers
676701,Alan Trejo,Colorado Rockies
624431,Jose Trevino,Cincinnati Reds
669707,Jared Triolo,Pittsburgh Pirates
642152,Lou Trivino,Philadelphia Phillies
644433,Chadwick Tromp,Baltimore Orioles
545361,Mike Trout,Los Angeles Angels
663656,Kyle Tucker,Chicago Cubs
668930,Brice Turang,Milwaukee Brewers
605513,Spencer Turnbull,Toronto Blue Jays
457759,Justin Turner,Chicago Cubs
607208,Trea Turner,Philadelphia Phillies
670955,Edwin Uceta,Tampa Bay Rays
570632,José Ureña,Los Angeles Angels
649966,Luis Urías,Athletics
602104,Ramón Urías,Houston Astros
682842,Abner Uribe,Milwaukee Brewers
664353,José Urquidy,Detroit Tigers
570482,Gio Urshela,Athletics
665839,Enmanuel Valdez,Pittsburgh Pirates
664285,Framber Valdez,Houston Astros
671655,George Valera,Cleveland Guardians
687003,Brian Van Belle,Tampa Bay Rays
701121,Logan VanWey,Houston Astros
672841,Carlos Vargas,Seattle Mariners
545121,Ildemaro Vargas,Arizona Diamondbacks
678246,Miguel Vargas,Chicago White Sox
686973,Louis Varland,Toronto Blue Jays
662139,Daulton Varsho,Toronto Blue Jays
678024,Mike Vasil,Chicago White Sox
681190,Randy Vásquez,San Diego Padres
683734,Andrew Vaughn,Milwaukee Brewers
679631,Terrin Vavra,Baltimore Orioles
543877,Christian Vázquez,Minnesota Twins
676679,Luis Vázquez,Baltimore Orioles
691728,Zac Veen,Colorado Rockies
685107,Anthony Veneziano,St. Louis Cardinals
657077,Alex Verdugo,Atlanta Braves
434378,Justin Verlander,San Francisco Giants
681911,Alex Vesia,Los Angeles Dodgers
676684,Will Vest,Detroit Tigers
668901,Mark Vientos,New York Mets
663837,Matt Vierling,Detroit Tigers
668723,Ryan Vilade,Cincinnati Reds
681584,David Villar,San Francisco Giants
678391,Jorbit Vivas,New York Yankees
680767,Victor Vodnik,Colorado Rockies
683011,Anthony Volpe,New York Yankees
608379,Michael Wacha,Kansas City Royals
663399,Brandon Waddell,New York Mets
664774,LaMonte Wade Jr.,Los Angeles Angels
642180,Tyler Wade,San Diego Padres
676572,Eric Wagaman,Miami Marlins
695238,Will Wagner,San Diego Padres
694462,Hurston Waldrep,Atlanta Braves
663362,Matt Waldron,San Diego Padres
572233,Christian Walker,Houston Astros
691023,Jordan Walker,St. Louis Cardinals
677020,Josh Walker,Toronto Blue Jays
676254,Ryan Walker,San Francisco Giants
592836,Taijuan Walker,Philadelphia Phillies
595453,Chad Wallach,Los Angeles Angels
670242,Matt Wallner,Minnesota Twins
670764,Taylor Walls,Tampa Bay Rays
687888,Brandon Walter,Houston Astros
689958,Andrew Walters,Cleveland Guardians
622268,Donovan Walton,Philadelphia Phillies
621493,Taylor Ward,Los Angeles Angels
681810,Austin Warren,New York Mets
701542,Will Warren,New York Yankees
671221,Drew Waters,Kansas City Royals
677960,Ryan Weathers,Miami Marlins
596133,Luke Weaver,New York Yankees
657097,Jacob Webb,Texas Rangers
657277,Logan Webb,San Francisco Giants
607179,Jordan Weems,Houston Astros
669711,Greg Weissert,Boston Red Sox
669224,Austin Wells,New York Yankees
669330,Tyler Wells,Baltimore Orioles
666214,Joey Wentz,Atlanta Braves
669713,Hayden Wesneski,Houston Astros
676059,Jordan Westburg,Baltimore Orioles
554430,Zack Wheeler,Philadelphia Phillies
687931,Carson Whisenhunt,San Francisco Giants
694376,Shay Whitcomb,Houston Astros
642201,Eli White,Atlanta Braves
669391,Owen White,Chicago White Sox
666215,Forrest Whitley,Tampa Bay Rays
676477,Garrett Whitlock,Boston Red Sox
696136,Jordan Wicks,Chicago Cubs
686894,Joey Wiemer,Miami Marlins
677961,Cole Wilcox,Tampa Bay Rays
686249,Nathan Wiles,Atlanta Braves
700246,Carson Williams,Tampa Bay Rays
642207,Devin Williams,New York Yankees
668909,Gavin Williams,Cleveland Guardians
663897,Luke Williams,Atlanta Braves
592866,Trevor Williams,Washington Nationals
810938,Ben Williamson,Seattle Mariners
669060,Bryse Wilson,Chicago White Sox
805779,Jacob Wilson,Athletics
458677,Justin Wilson,Boston Red Sox
621051,Steven Wilson,Chicago White Sox
642215,Weston Wilson,Philadelphia Phillies
669717,Will Wilson,Cleveland Guardians
642216,Allan Winans,New York Yankees
670174,Josh Winckowski,Boston Red Sox
608385,Jesse Winker,New York Mets
676466,Jack Winkler,Miami Marlins
668390,Cole Winn,Texas Rangers
676775,Keaton Winn,San Francisco Giants
691026,Masyn Winn,St. Louis Cardinals
689172,Brett Wisely,Atlanta Braves
677951,Bobby Witt Jr.,Kansas City Royals
664991,Grant Wolfram,Baltimore Orioles
657136,Connor Wong,Boston Red Sox
693433,Bryan Woo,Seattle Mariners
695578,James Wood,Washington Nationals
663765,Jake Woodford,Arizona Diamondbacks
605540,Brandon Woodruff,Milwaukee Brewers
680573,Simeon Woods Richardson,Minnesota Twins
669398,Gage Workman,Chicago White Sox
680736,Justin Wrobleski,Los Angeles Dodgers
691094,Randy Wynne,Cincinnati Reds
642851,Austin Wynns,Athletics
808967,Yoshinobu Yamamoto,Los Angeles Dodgers
642232,Ryan Yarbrough,New York Yankees
573262,Mike Yastrzemski,San Francisco Giants
489446,Kirby Yates,Los Angeles Dodgers
592885,Christian Yelich,Milwaukee Brewers
702056,Trey Yesavage,Toronto Blue Jays
684974,Craig Yoho,Milwaukee Brewers
694377,Nick Yorke,Pittsburgh Pirates
807799,Masataka Yoshida,Boston Red Sox
687064,Brandon Young,Baltimore Orioles
702284,Cole Young,Seattle Mariners
664849,Danny Young,New York Mets
696285,Jacob Young,Washington Nationals
676724,Jared Young,New York Mets
642239,Rob Zastryzny,Milwaukee Brewers
666171,Ryan Zeferjahn,Los Angeles Angels
672582,Angel Zerpa,Kansas City Royals
669145,Bruce Zimmermann,Milwaukee Brewers
676604,Tyler Zuber,Miami Marlins
691172,Yosver Zulueta,Cincinnati Reds
